country,year,ear_xees_mod_nb
afg,2009,4250.0
alb,1995,6406.0
alb,1996,8638.0
alb,1997,9063.0
alb,1998,10894.0
alb,1999,12118.0
alb,1999,12118.0
alb,2000,13355.0
alb,2000,13355.0
alb,2001,14820.0
alb,2001,14820.0
alb,2002,16541.0
alb,2002,16541.0
alb,2003,18522.0
alb,2003,18522.0
alb,2004,19039.0
alb,2004,19039.0
alb,2005,19993.0
alb,2005,19993.0
alb,2006,21842.0
alb,2006,21842.0
alb,2007,27350.0
alb,2007,27350.0
alb,2008,34277.0
alb,2009,36075.0
alb,2010,34767.0
alb,2011,36482.0
alb,2012,37305.0
ant,1995,2364.0
ant,1996,2475.0
ant,1997,2591.0
ant,1998,2462.0
ant,2000,2565.0
are,2001,3067.0
are,2002,3033.0
are,2003,3175.0
are,2004,3200.0
are,2005,3233.0
are,2006,3742.0
are,2007,4358.0
are,2008,4758.0
arg,1996,589.0
arg,1997,585.0
arg,1998,619.0
arg,1999,596.0
arg,2000,589.0
arg,2001,571.0
arg,2002,524.0
arg,2003,579.0
arg,2004,633.0
arg,2005,819.0
arg,2006,1024.0
arg,2007,1302.0
arg,2008,1648.0
arg,2009,1958.0
arg,2010,2527.0
arm,1995,7060.0
arm,1995,7060.0
arm,1996,9469.0
arm,1996,9469.0
arm,1997,13581.0
arm,1997,13581.0
arm,1998,18000.0
arm,1998,18000.0
arm,1999,20157.0
arm,1999,20157.0
arm,2000,22706.0
arm,2000,22706.0
arm,2001,24483.0
arm,2001,24483.0
arm,2002,27324.0
arm,2002,27324.0
arm,2003,34783.0
arm,2003,34783.0
arm,2004,43445.0
arm,2004,43445.0
arm,2005,52060.0
arm,2005,52060.0
arm,2006,62293.0
arm,2006,62293.0
arm,2007,74227.0
arm,2007,74227.0
arm,2008,87406.0
arm,2008,91331.0
arm,2009,96019.0
arm,2010,102652.0
arm,2011,108092.0
arm,2012,113163.0
arm,2013,158239.0
aus,1995,2392.7
aus,1995,2305.0
aus,1996,2461.6
aus,1997,2535.0
aus,1997,2536.5
aus,1998,2598.7
aus,1998,2582.7
aus,1999,2650.7
aus,1999,2704.0
aus,2000,2855.7
aus,2000,2766.6
aus,2001,2890.1
aus,2001,2977.0
aus,2002,2996.9
aus,2002,3063.7
aus,2003,3180.7
aus,2003,3167.0
aus,2004,3256.7
aus,2004,3319.3
aus,2005,3497.0
aus,2005,3433.7
aus,2006,3590.4
aus,2006,3735.3
aus,2007,4012.7
aus,2007,3752.0
aus,2008,4149.5
aus,2008,3888.1
aus,2009,4059.5
aus,2009,4311.7
aus,2010,4485.0
aus,2010,4275.3
aus,2011,4439.3
aus,2011,4636.7
aus,2012,4875.0
aus,2012,4624.8
aus,2013,4808.3
aus,2013,5009.3
aut,1995,2260.0
aut,1996,2280.0
aut,1997,1866.0
aut,1997,2310.0
aut,1998,2390.0
aut,1998,1905.0
aut,1999,1943.0
aut,1999,2450.0
aut,2000,1987.0
aut,2000,2520.0
aut,2001,2003.0
aut,2001,2580.0
aut,2002,2650.0
aut,2002,2035.0
aut,2003,2064.0
aut,2003,2690.0
aut,2004,2092.0
aut,2004,2720.0
aut,2005,2790.0
aut,2005,2142.0
aut,2006,2900.0
aut,2006,2208.0
aut,2007,2990.0
aut,2007,2288.0
aut,2008,3090.0
aut,2008,2355.0
aut,2009,2378.0
aut,2009,3160.0
aut,2010,3200.0
aut,2010,2393.0
aut,2011,3270.0
aut,2012,3350.0
aze,1995,12.5
aze,1996,17.9
aze,1997,28.3
aze,1998,33.7
aze,1999,36.9
aze,2000,44.3
aze,2001,52.0
aze,2002,63.1
aze,2003,77.4
aze,2004,99.4
aze,2005,123.6
aze,2006,149.0
aze,2007,215.8
aze,2008,274.4
aze,2009,298.0
aze,2010,331.5
aze,2011,364.2
aze,2012,398.4
aze,2013,423.0
bdi,2006,57154.0
bdi,2007,74281.0
bdi,2008,81707.0
bel,1996,2428.0
bel,1997,2408.0
bel,1998,2468.0
bel,1999,2558.0
bel,1999,2089.0
bel,2000,2637.0
bel,2000,2151.0
bel,2000,80.9
bel,2001,2759.0
bel,2001,2233.0
bel,2001,83.6
bel,2002,2861.0
bel,2002,2264.0
bel,2002,86.7
bel,2003,2370.0
bel,2003,2887.0
bel,2003,88.5
bel,2004,2975.0
bel,2004,2467.0
bel,2004,90.7
bel,2005,2503.0
bel,2005,3056.0
bel,2005,93.0
bel,2006,2560.0
bel,2006,3140.0
bel,2006,95.2
bel,2007,2576.0
bel,2007,97.1
bel,2008,2687.0
bel,2008,100.3
bel,2009,2792.0
bel,2009,103.9
bel,2010,2831.0
bel,2010,107.2
bel,2011,110.2
bel,2011,2888.0
bel,2012,113.1
bel,2012,2955.0
bel,2013,115.5
bfa,2001,39700.0
bgd,1996,1900.0
bgd,1997,1989.0
bgd,1998,2141.0
bgd,1999,2259.0
bgd,2000,2390.0
bgd,2001,2489.0
bgd,2002,2637.0
bgd,2003,2926.0
bgd,2004,3111.0
bgd,2005,1485.0
bgd,2005,3293.0
bgd,2006,3506.0
bgd,2007,3779.0
bgd,2008,4227.0
bgd,2009,5025.0
bgd,2010,2553.0
bgd,2010,5459.7
bgd,2011,5781.6
bgd,2012,6469.2
bgd,2013,7388.4
bgr,1995,8.0
bgr,1996,13.0
bgr,1997,128.0
bgr,1998,183.0
bgr,1999,201.0
bgr,2000,225.0
bgr,2000,224.5
bgr,2000,223.8
bgr,2001,240.0
bgr,2001,242.3
bgr,2001,240.0
bgr,2002,258.3
bgr,2002,257.6
bgr,2002,258.0
bgr,2003,273.0
bgr,2003,273.3
bgr,2003,274.3
bgr,2004,292.0
bgr,2004,290.9
bgr,2004,292.4
bgr,2005,323.8
bgr,2005,318.7
bgr,2005,324.0
bgr,2006,348.9
bgr,2006,360.0
bgr,2006,360.3
bgr,2007,431.0
bgr,2007,430.6
bgr,2007,420.8
bgr,2008,538.3
bgr,2008,524.0
bgr,2008,544.8
bgr,2009,609.1
bgr,2009,602.3
bgr,2010,645.4
bgr,2010,648.1
bgr,2011,685.8
bgr,2011,696.8
bgr,2012,770.8
bgr,2012,731.1
bgr,2013,807.5
bgr,2013,799.3
bhr,1998,252.0
bhr,1999,239.0
bhr,2000,242.0
bhr,2001,234.0
bhr,2002,255.0
bhr,2002,236.0
bhr,2003,228.0
bhr,2003,267.0
bhr,2003,220.0
bhr,2004,264.0
bhr,2004,223.0
bhr,2004,215.0
bhr,2005,260.0
bhr,2005,213.0
bhr,2005,208.0
bhr,2006,206.0
bhr,2006,259.0
bhr,2007,281.0
bhr,2007,213.0
bhr,2007,235.0
bhr,2008,307.0
bhr,2008,250.0
bhr,2009,303.0
bhr,2009,266.0
bhr,2010,322.0
bhr,2010,272.0
bhr,2011,280.0
bhr,2012,281.0
bhr,2013,278.0
bih,1995,77.0
bih,1996,296.0
bih,1997,398.0
bih,1998,506.0
bih,1999,551.0
bih,2000,626.0
bih,2001,652.0
bih,2002,710.0
bih,2003,771.0
bih,2004,785.0
bih,2005,821.0
bih,2006,887.0
bih,2007,974.0
bih,2007,953.9
bih,2008,1113.0
bih,2009,1204.0
bih,2010,1217.0
bih,2011,1270.5
bih,2012,1290.0
bih,2013,1291.0
blr,1995,755129.0
blr,1996,1212157.0
blr,1997,2270110.0
blr,1998,4635191.0
blr,1999,19580823.0
blr,2000,58916.0
blr,2001,123021.0
blr,2002,189232.0
blr,2003,250686.0
blr,2004,347519.0
blr,2005,463741.0
blr,2006,582166.0
blr,2007,694045.0
blr,2008,868169.0
blr,2009,981584.0
blr,2010,1217313.0
blr,2011,1899782.0
blr,2012,3676083.0
blr,2013,5061418.0
bol,2009,939.0
bra,1995,399.0
bra,1996,452.0
bra,1997,477.0
bra,1998,500.0
bra,1999,496.0
bra,2001,552.5
bra,2002,593.2
bra,2003,642.9
bra,2003,861.1
bra,2004,683.8
bra,2004,900.7
bra,2005,753.5
bra,2005,969.1
bra,2006,823.9
bra,2006,1039.2
bra,2007,1115.6
bra,2007,894.1
bra,2008,1226.4
bra,2008,971.0
bra,2009,1329.9
bra,2009,1051.0
bra,2010,1451.8
bra,2011,1588.1
bra,2011,1270.2
bra,2012,1744.4
bra,2012,1403.1
bra,2013,1884.1
brn,2006,914.0
brn,2008,975.0
brn,2009,1116.0
bwa,2000,1780.0
bwa,2001,2011.0
bwa,2002,2288.0
bwa,2003,2452.0
bwa,2004,2652.0
bwa,2005,2965.0
bwa,2006,3312.0
bwa,2007,3653.0
bwa,2008,3916.0
bwa,2009,3992.0
bwa,2009,4461.0
bwa,2010,4451.0
bwa,2012,4810.0
can,1995,2594.2
can,1996,2647.7
can,1997,2701.5
can,1998,2741.8
can,1999,2775.4
can,2000,2840.7
can,2001,2845.2
can,2002,2914.3
can,2003,2992.8
can,2004,3072.0
can,2005,3192.8
can,2006,3271.7
can,2007,3412.7
can,2008,3511.2
can,2009,3565.2
can,2010,3692.3
can,2011,3782.2
can,2012,3877.1
can,2013,3946.5
che,1996,5539.0
che,1998,5744.0
che,2000,5937.0
che,2002,6184.0
che,2004,6385.0
che,2006,6617.0
che,2008,6879.0
che,2010,7030.0
chl,1995,170066.0
chl,1996,188840.0
chl,1997,205535.0
chl,1998,218636.0
chl,1999,228600.0
chl,2000,240025.0
chl,2001,249472.0
chl,2002,256899.0
chl,2003,265826.0
chl,2004,273368.0
chl,2005,288057.0
chl,2006,299504.0
chl,2007,321341.0
chl,2008,351549.0
chl,2009,373221.0
chl,2009,100.0
chl,2010,103.6
chl,2011,109.8
chl,2012,116.7
chl,2013,123.4
chn,1995,445.7
chn,1996,498.3
chn,1997,537.0
chn,1998,620.5
chn,1999,693.3
chn,2000,777.8
chn,2001,902.8
chn,2002,1031.1
chn,2003,1164.1
chn,2004,1326.7
chn,2005,1516.7
chn,2006,1738.0
chn,2007,2060.1
chn,2008,2408.2
chn,2008,1422.6
chn,2009,2687.0
chn,2009,1516.6
chn,2010,1729.9
chn,2010,3044.9
chn,2011,3483.3
chn,2011,2046.3
chn,2012,2396.0
chn,2012,3897.4
chn,2013,4289.5
chn,2013,2725.5
cod,2005,10442.0
cog,2003,112675.0
cog,2004,115351.0
cog,2005,119963.0
cog,2006,121736.0
cog,2009,101586.0
col,1995,244104.7
col,1996,296767.6
col,1997,367567.1
col,1998,447686.4
col,1999,471981.8
col,2000,478752.6
col,2002,502995.9
col,2003,544563.7
col,2004,595851.0
col,2005,662061.3
col,2006,672657.9
col,2007,860382.3
col,2008,940950.8
col,2009,921476.3
col,2010,1023645.7
col,2011,1064974.3
col,2012,1072370.2
cri,1995,54787.0
cri,1996,63755.0
cri,1997,72689.0
cri,1998,86162.0
cri,1999,101482.0
cri,2000,112329.0
cri,2001,127878.0
cri,2002,140229.0
cri,2003,152073.0
cri,2004,166599.0
cri,2004,209219.0
cri,2005,232856.0
cri,2005,181139.0
cri,2006,263975.0
cri,2006,207677.0
cri,2007,236122.0
cri,2007,292599.0
cri,2008,325392.0
cri,2008,274935.0
cri,2009,386395.0
cri,2009,325279.0
cri,2010,420667.0
cri,2011,468832.0
cri,2012,497597.0
cri,2013,531926.0
cub,2000,238.0
cub,2001,252.0
cub,2002,261.0
cub,2003,273.0
cub,2004,284.0
cub,2005,330.0
cub,2006,387.0
cub,2007,408.0
cub,2008,415.0
cub,2009,429.0
cub,2010,448.0
cub,2011,455.0
cub,2012,466.0
cyp,1996,1082.0
cyp,1997,1168.0
cyp,1998,1226.0
cyp,1999,1263.0
cyp,1999,1317.0
cyp,2000,1361.0
cyp,2000,1411.0
cyp,2001,1412.0
cyp,2001,1483.0
cyp,2002,1558.0
cyp,2002,1478.0
cyp,2003,1534.0
cyp,2003,1654.0
cyp,2004,1722.0
cyp,2004,1608.0
cyp,2004,1506.6
cyp,2005,1815.0
cyp,2005,1712.0
cyp,2005,1561.0
cyp,2006,1636.1
cyp,2006,1776.0
cyp,2006,1900.0
cyp,2007,1699.1
cyp,2007,1968.0
cyp,2008,1800.3
cyp,2008,2064.0
cyp,2009,2130.0
cyp,2009,1870.0
cyp,2009,1869.0
cyp,2010,1914.0
cyp,2010,1914.7
cyp,2011,1967.7
cyp,2011,1966.0
cyp,2012,2000.3
cyp,2012,1997.0
cyp,2013,1969.7
cze,2000,13219.0
cze,2001,14378.0
cze,2002,15524.0
cze,2003,16430.0
cze,2004,17466.0
cze,2005,21674.0
cze,2005,18344.0
cze,2006,22908.0
cze,2006,19546.0
cze,2007,24604.0
cze,2007,20957.0
cze,2008,26349.0
cze,2008,22592.0
cze,2009,23344.0
cze,2009,26677.0
cze,2010,23864.0
cze,2010,26881.2
cze,2011,24455.0
cze,2011,25625.0
cze,2012,25067.0
cze,2012,26149.0
cze,2013,25078.0
cze,2013,26444.0
deu,1995,2018.0
deu,1996,2042.0
deu,1997,2043.0
deu,1998,2060.0
deu,1999,2086.0
deu,2000,2114.0
deu,2001,2156.0
deu,2002,2187.0
deu,2003,2211.0
deu,2004,2223.0
deu,2005,2230.0
deu,2006,2248.0
deu,2007,2281.0
deu,2008,2333.0
deu,2009,2333.0
deu,2010,2387.0
deu,2011,2466.0
deu,2012,2538.0
deu,2013,2594.0
dnk,1996,22309.0
dnk,1997,22597.0
dnk,1998,23253.0
dnk,1999,24484.0
dnk,2000,28416.0
dnk,2000,25444.0
dnk,2001,29971.0
dnk,2001,25872.0
dnk,2002,30524.0
dnk,2002,26983.0
dnk,2003,31589.0
dnk,2003,27674.0
dnk,2004,31813.0
dnk,2004,28595.0
dnk,2005,29515.0
dnk,2005,32961.0
dnk,2005,101.5
dnk,2006,30027.0
dnk,2006,33840.0
dnk,2006,104.6
dnk,2007,35461.0
dnk,2007,33009.0
dnk,2007,108.6
dnk,2008,36372.0
dnk,2008,113.4
dnk,2009,37593.0
dnk,2009,35381.5
dnk,2009,116.9
dnk,2010,36521.9
dnk,2010,38943.0
dnk,2010,119.6
dnk,2011,37349.3
dnk,2011,121.8
dnk,2012,38106.2
dnk,2012,123.6
dnk,2013,125.2
dom,2000,5066.0
dom,2001,5359.0
dom,2002,5512.0
dom,2003,5825.0
dom,2004,7194.0
dom,2005,8144.0
dom,2006,8727.0
dom,2007,9644.0
dom,2008,10609.0
dom,2009,11000.0
dom,2013,15663.3
dza,2011,29352.0
dza,2012,31755.0
ecu,1995,180.0
ecu,1996,189.0
ecu,1997,217.0
ecu,1998,187.0
ecu,1999,120.0
ecu,2000,122.0
ecu,2001,173.0
ecu,2002,250.0
ecu,2003,102.9
ecu,2003,260.0
ecu,2004,111.6
ecu,2004,325.0
ecu,2005,123.0
ecu,2005,311.0
ecu,2006,322.0
ecu,2006,137.8
ecu,2007,156.8
ecu,2007,363.0
ecu,2008,187.8
ecu,2008,382.0
ecu,2009,401.0
ecu,2009,211.2
ecu,2010,441.0
ecu,2010,237.0
ecu,2011,269.8
ecu,2011,478.0
ecu,2012,309.8
ecu,2012,512.6
ecu,2013,346.2
egy,1996,429.0
egy,1997,464.0
egy,1998,490.0
egy,1999,620.0
egy,1999,620.0
egy,2000,702.0
egy,2000,702.0
egy,2001,667.0
egy,2001,667.0
egy,2002,706.0
egy,2002,706.0
egy,2003,754.0
egy,2003,754.0
egy,2004,823.0
egy,2004,823.0
egy,2005,897.0
egy,2005,897.0
egy,2006,992.0
egy,2006,992.0
egy,2007,1092.0
egy,2007,1092.0
egy,2008,1426.0
egy,2009,1569.0
egy,2010,1902.3
egy,2011,1573.0
egy,2012,1711.7
esp,1996,1337.0
esp,1997,1349.0
esp,1998,1377.0
esp,1999,1420.0
esp,2000,1453.0
esp,2000,1335.2
esp,2001,1481.0
esp,2001,1379.9
esp,2002,1432.3
esp,2002,1539.0
esp,2003,1490.3
esp,2003,1602.0
esp,2004,1533.8
esp,2004,1652.0
esp,2005,1572.0
esp,2005,1703.0
esp,2006,1647.0
esp,2006,1763.0
esp,2007,1713.2
esp,2008,1800.0
esp,2009,1858.0
esp,2010,1875.2
esp,2011,1894.8
esp,2012,1883.5
esp,2013,1883.8
est,1995,152.0
est,1996,191.0
est,1997,228.0
est,1998,264.0
est,1999,285.0
est,2000,314.0
est,2001,352.0
est,2002,393.0
est,2003,430.0
est,2004,466.0
est,2005,516.0
est,2006,601.0
est,2007,725.0
est,2008,825.0
est,2009,784.0
est,2010,792.3
est,2011,839.0
est,2012,887.0
est,2013,949.0
eth,2009,776.9
eth,2010,860.8
fin,1995,10702.0
fin,1996,11166.0
fin,1997,11261.0
fin,1998,11667.0
fin,1999,12044.0
fin,2000,12658.0
fin,2000,2037.0
fin,2001,2209.0
fin,2001,2133.0
fin,2002,2287.0
fin,2002,2212.0
fin,2003,2372.0
fin,2003,2305.0
fin,2004,2459.0
fin,2004,2397.0
fin,2005,2497.0
fin,2005,2555.0
fin,2006,2570.0
fin,2006,2634.0
fin,2007,2734.0
fin,2007,2653.0
fin,2008,2876.0
fin,2008,2814.0
fin,2009,2971.0
fin,2009,2955.0
fin,2010,3006.0
fin,2010,3040.0
fin,2011,3080.0
fin,2011,3109.0
fin,2012,3206.0
fin,2012,3184.0
fin,2013,3255.0
fji,1996,406.0
fji,1997,380.0
fji,1998,376.0
fji,1999,393.0
fji,2003,452.0
fji,2004,469.0
fji,2006,494.0
fji,2007,597.0
fji,2009,541.0
fra,1995,1761.0
fra,1995,1918.0
fra,1996,2091.0
fra,1996,1812.9
fra,1996,1956.0
fra,1997,2129.0
fra,1997,1804.1
fra,1997,1991.0
fra,1998,2011.0
fra,1998,1830.9
fra,1998,2148.0
fra,1999,2195.0
fra,1999,2048.0
fra,1999,1882.7
fra,2000,2093.0
fra,2000,1935.4
fra,2000,2226.0
fra,2001,1997.5
fra,2001,2144.0
fra,2001,2285.0
fra,2002,2194.0
fra,2002,2349.0
fra,2002,2075.8
fra,2003,2238.0
fra,2003,2404.0
fra,2003,2134.5
fra,2004,2467.0
fra,2004,2303.0
fra,2004,2205.7
fra,2005,2385.0
fra,2005,2543.0
fra,2005,2270.0
fra,2006,2415.0
fra,2006,2341.0
fra,2006,2614.0
fra,2007,2395.0
fra,2007,2482.0
fra,2008,2531.0
fra,2008,2477.9
fra,2009,2542.0
fra,2009,2528.3
fra,2010,2566.5
fra,2010,2553.0
fra,2011,2626.0
fra,2011,2659.0
fra,2012,2738.0
gab,1995,522774.0
gab,1996,523808.0
gab,1997,549439.0
gab,1998,539090.0
gab,1999,490251.0
gab,2000,501753.0
gbr,1997,1354.2
gbr,1998,1423.9
gbr,1999,1477.2
gbr,2000,1536.2
gbr,2001,1619.8
gbr,2002,1696.5
gbr,2003,1751.5
gbr,2004,1792.3
gbr,2005,1832.1
gbr,2006,1906.7
gbr,2007,1964.3
gbr,2008,2050.5
gbr,2009,2083.9
gbr,2010,2112.9
gbr,2011,2111.2
gbr,2012,2129.0
gbr,2013,2176.2
geo,1995,14.0
geo,1995,13.5
geo,1996,29.0
geo,1996,29.0
geo,1997,43.0
geo,1997,42.5
geo,1998,55.0
geo,1998,55.0
geo,1999,68.0
geo,1999,68.0
geo,2000,72.0
geo,2000,72.0
geo,2001,95.0
geo,2001,95.0
geo,2002,114.0
geo,2002,114.0
geo,2003,126.0
geo,2003,126.0
geo,2004,157.0
geo,2004,157.0
geo,2005,204.0
geo,2005,204.0
geo,2006,278.0
geo,2006,278.0
geo,2007,368.0
geo,2007,368.0
geo,2007,379.0
geo,2008,535.0
geo,2008,551.0
geo,2008,535.0
geo,2009,557.0
geo,2009,572.0
geo,2010,598.0
geo,2010,609.0
geo,2011,690.0
geo,2011,636.0
geo,2012,713.0
geo,2012,742.0
geo,2013,800.0
gha,2005,95.0
glp,1998,10755.0
glp,1999,10863.0
glp,2000,1706.0
glp,2001,1784.0
glp,2004,2232.0
glp,2005,2267.0
glp,2006,2320.0
glp,2007,2376.0
gmb,1998,1975.0
grc,2000,1158.4
grc,2000,1224.0
grc,2001,1181.9
grc,2001,1324.0
grc,2002,1310.9
grc,2002,1398.0
grc,2003,1392.3
grc,2003,1654.0
grc,2004,1461.6
grc,2004,1745.0
grc,2005,1491.0
grc,2005,1776.0
grc,2006,1561.5
grc,2006,1894.0
grc,2006,91.5
grc,2007,1616.8
grc,2007,2047.0
grc,2007,95.8
grc,2008,1660.3
grc,2008,100.0
grc,2008,2067.0
grc,2009,1746.7
grc,2009,2295.0
grc,2009,100.6
grc,2010,1674.8
grc,2010,101.7
grc,2011,1609.8
grc,2011,96.5
grc,2012,89.4
grc,2012,1541.4
grc,2013,83.3
gtm,2011,1966.9
gtm,2012,1879.0
gtm,2013,2025.5
guy,2004,2534.0
guy,2005,2567.0
guy,2006,2595.0
guy,2007,2648.0
hkg,2002,10965.0
hkg,2003,10807.3
hkg,2004,10542.5
hkg,2005,10532.0
hkg,2006,10956.0
hkg,2007,11369.0
hkg,2008,11375.0
hkg,2009,11106.5
hkg,2010,11578.0
hkg,2011,12689.8
hkg,2012,13258.0
hkg,2013,13807.3
hnd,1995,1196.0
hnd,1996,1453.0
hnd,1997,1467.3
hnd,1997,1802.0
hnd,1998,2218.0
hnd,1998,1637.7
hnd,1999,1644.8
hnd,1999,2689.0
hnd,2001,2714.2
hnd,2001,3626.0
hnd,2002,3844.0
hnd,2002,2777.1
hnd,2003,2948.0
hnd,2003,4192.0
hnd,2004,3103.1
hnd,2004,4316.0
hnd,2005,3029.2
hnd,2005,4830.0
hnd,2006,5166.0
hnd,2006,3552.6
hnd,2007,5861.0
hnd,2007,3528.0
hnd,2008,6508.0
hnd,2008,4553.6
hnd,2009,4647.8
hnd,2009,7219.0
hnd,2010,7125.1
hnd,2010,4644.6
hnd,2011,7676.2
hnd,2011,5315.2
hnd,2012,7644.8
hrv,1995,2887.0
hrv,1995,2887.0
hrv,1996,3243.0
hrv,1996,3243.0
hrv,1997,3668.0
hrv,1997,3668.0
hrv,1998,4131.0
hrv,1998,4131.0
hrv,1999,4551.0
hrv,1999,4551.0
hrv,2000,4869.0
hrv,2000,4869.0
hrv,2001,5061.0
hrv,2001,5061.0
hrv,2002,5366.0
hrv,2002,5366.0
hrv,2003,5599.0
hrv,2003,5623.0
hrv,2004,5985.0
hrv,2004,5916.0
hrv,2005,6248.0
hrv,2005,6192.0
hrv,2006,6634.0
hrv,2006,6575.0
hrv,2007,6995.0
hrv,2007,7047.0
hrv,2008,7507.0
hrv,2008,7544.0
hrv,2009,7711.0
hrv,2009,7655.0
hrv,2010,7677.0
hrv,2010,7679.0
hrv,2011,7796.0
hrv,2011,7772.0
hrv,2012,7875.0
hrv,2012,7863.0
hrv,2013,7939.0
hun,1995,38900.0
hun,1996,46837.0
hun,1997,57270.0
hun,1998,67764.0
hun,1999,77187.0
hun,2000,87645.0
hun,2001,103553.0
hun,2002,122482.0
hun,2003,137193.0
hun,2004,145520.0
hun,2005,158343.0
hun,2006,171351.0
hun,2007,185018.0
hun,2008,198741.0
hun,2009,199837.0
hun,2010,202525.0
hun,2011,213094.0
hun,2012,223060.0
hun,2013,230664.0
idn,1996,184820.0
idn,1997,215462.5
idn,1998,253497.5
idn,1999,312427.5
idn,2000,389145.0
idn,2001,528215.0
idn,2001,488788.0
idn,2002,599769.0
idn,2002,656265.0
idn,2003,684915.0
idn,2003,722000.0
idn,2004,842122.5
idn,2004,729516.0
idn,2005,856088.0
idn,2005,914112.5
idn,2006,985028.0
idn,2006,971227.5
idn,2007,1077312.0
idn,2007,1019000.0
idn,2008,1096475.0
idn,2008,1158085.0
idn,2009,1154042.5
idn,2009,1322380.0
idn,2010,1294815.0
idn,2010,1410982.0
idn,2011,1529161.0
idn,2011,1338065.0
idn,2012,1610446.6
idn,2012,1630193.0
idn,2013,1909478.0
idn,2013,1795859.9
ind,1995,2633.0
ind,1995,2633.0
ind,1996,3054.0
ind,1996,3054.0
ind,1997,3070.0
ind,1997,3070.0
ind,1998,3243.0
ind,1998,3243.0
ind,1999,3251.0
ind,1999,3251.0
ind,2000,3490.0
ind,2000,3490.0
ind,2001,3758.0
ind,2001,3758.0
ind,2002,3838.0
ind,2002,3838.0
ind,2003,4015.0
ind,2003,4015.0
ind,2004,4173.0
ind,2004,4173.0
ind,2005,4247.0
ind,2005,4247.0
ind,2006,4398.0
ind,2006,4386.98
ind,2006,4398.0
ind,2007,4684.0
ind,2007,4684.0
ind,2008,5187.0
ind,2008,5187.0
ind,2008,5893.0
ind,2009,5675.0
ind,2009,5675.0
ind,2010,6273.0
ind,2010,8266.0
ind,2010,6273.0
ind,2012,10291.32
irl,2003,2455.0
irl,2006,2934.0
irl,2007,2979.0
irl,2008,3103.0
irl,2008,3063.2
irl,2009,3057.0
irl,2009,3063.9
irl,2010,3006.0
irl,2011,2990.0
irl,2012,3004.2
irl,2013,2981.9
irn,1999,156.9
irn,2000,201.4
irn,2001,252.8
irn,2001,732434.0
irn,2002,314.0
irn,2002,889121.0
irn,2003,1112529.0
irn,2003,375.2
irn,2004,442.3
irn,2004,1351832.0
irn,2005,109.2
irn,2005,1632875.0
irn,2006,128.2
irn,2006,1933591.0
irn,2007,153.5
irn,2007,2203885.0
irn,2008,182.7
irn,2008,2514227.0
irn,2009,217.0
irn,2009,2747834.0
irn,2010,2917392.0
irn,2010,252.4
irn,2011,3191485.8
irq,2007,348000.0
isl,1998,135000.0
isl,1999,148000.0
isl,2000,165000.0
isl,2001,184000.0
isl,2002,196000.0
isl,2003,210000.0
isl,2004,220000.0
isl,2005,248000.0
isl,2006,272000.0
isl,2007,303000.0
isl,2008,301000.0
isl,2008,324000.0
isl,2009,318000.0
isl,2009,334000.0
isl,2010,330000.0
isl,2010,348000.0
isl,2011,346000.0
isl,2011,365000.0
isl,2012,369000.0
isl,2013,398000.0
isr,1995,4083.0
isr,1995,4312.0
isr,1996,4572.0
isr,1996,4876.0
isr,1997,5450.0
isr,1997,5442.1
isr,1998,5830.0
isr,1998,5859.3
isr,1999,6301.0
isr,1999,6323.3
isr,2000,6662.0
isr,2000,6791.0
isr,2001,6975.0
isr,2001,7071.8
isr,2002,7023.3
isr,2002,7070.0
isr,2003,6908.0
isr,2003,6859.0
isr,2004,6972.0
isr,2004,7000.4
isr,2005,7219.2
isr,2005,7054.0
isr,2006,7180.0
isr,2006,7466.5
isr,2007,7627.9
isr,2007,7662.0
isr,2008,7921.5
isr,2008,7922.0
isr,2009,7947.0
isr,2009,7973.7
isr,2010,8100.0
isr,2010,8247.2
isr,2011,8563.0
isr,2011,8325.0
isr,2012,8784.0
isr,2012,9149.0
isr,2013,9000.0
isr,2013,9030.0
ita,1995,1347.9
ita,1996,1531.2
ita,1997,1616.6
ita,1998,1644.9
ita,1999,1685.0
ita,2000,1686.5
ita,2000,1732.9
ita,2001,1737.8
ita,2001,1797.9
ita,2002,1773.1
ita,2002,1805.8
ita,2003,1808.0
ita,2003,1812.7
ita,2004,1868.9
ita,2004,1875.6
ita,2005,1928.1
ita,2005,1941.3
ita,2005,86.6
ita,2006,1980.9
ita,2006,89.3
ita,2006,2002.8
ita,2007,2020.9
ita,2007,91.2
ita,2007,2044.8
ita,2008,2073.8
ita,2008,2099.2
ita,2008,94.4
ita,2009,2075.1
ita,2009,2101.7
ita,2009,97.4
ita,2010,2121.8
ita,2010,2147.2
ita,2010,99.4
ita,2011,2141.8
ita,2011,101.1
ita,2011,2172.7
ita,2012,102.6
ita,2012,2147.2
ita,2012,2171.0
ita,2013,2175.3
ita,2013,104.1
jam,2000,32877.0
jam,2001,35693.7
jam,2002,38545.0
jam,2003,39099.7
jam,2004,41734.3
jam,2005,45058.0
jam,2006,50630.7
jam,2007,56121.0
jam,2008,64246.0
jam,2009,65600.0
jam,2010,64804.0
jam,2011,77164.0
jam,2012,78576.0
jam,2013,81604.0
jor,2000,226.0
jor,2001,232.0
jor,2002,240.0
jor,2003,244.0
jor,2004,242.0
jor,2005,262.0
jor,2006,280.0
jor,2007,305.0
jor,2008,350.0
jor,2009,365.0
jor,2010,392.0
jor,2011,416.0
jor,2012,437.0
jpn,1999,325900.0
jpn,2000,330000.0
jpn,2001,333300.0
jpn,2002,329200.0
jpn,2003,329800.0
jpn,2004,330200.0
jpn,2005,330800.0
jpn,2006,330900.0
jpn,2007,330600.0
jpn,2008,328800.0
jpn,2009,318100.0
jpn,2010,323000.0
jpn,2011,323800.0
jpn,2012,325600.0
jpn,2013,324000.0
kaz,1995,4786.0
kaz,1996,6841.0
kaz,1997,8541.0
kaz,1998,9683.0
kaz,1999,11864.0
kaz,2000,14374.0
kaz,2001,17303.0
kaz,2002,20323.0
kaz,2003,23128.0
kaz,2004,28329.0
kaz,2005,34060.0
kaz,2006,40790.0
kaz,2007,52479.0
kaz,2008,60805.0
kaz,2009,67333.0
kaz,2010,77611.0
kaz,2011,90028.0
kaz,2012,101263.0
ken,2002,18151.4
ken,2003,19728.7
ken,2004,23058.2
ken,2005,24524.2
ken,2006,26373.9
ken,2007,28661.2
ken,2008,30551.1
ken,2009,31932.3
ken,2010,32918.8
ken,2011,34431.8
ken,2012,36066.9
kgz,1995,368.2
kgz,1996,490.9
kgz,1997,680.2
kgz,1998,840.6
kgz,1999,1049.9
kgz,2000,1227.0
kgz,2001,1455.1
kgz,2002,1684.4
kgz,2003,1916.0
kgz,2004,2240.3
kgz,2005,2612.5
kgz,2006,3269.7
kgz,2007,3969.6
kgz,2008,5378.0
kgz,2009,6161.3
kgz,2010,7137.0
kgz,2011,9318.9
kgz,2012,10883.9
kgz,2013,11426.2
khm,2004,178793.0
khm,2007,290371.0
khm,2009,314665.0
khm,2010,359611.0
khm,2011,392048.0
khm,2012,487583.0
kor,1995,1222097.0
kor,1996,1367501.0
kor,1997,1463300.0
kor,1998,1426797.0
kor,1999,1543600.0
kor,2000,1667542.0
kor,2001,1752382.0
kor,2002,1947774.0
kor,2003,2127401.0
kor,2004,2254889.0
kor,2005,2404385.0
kor,2006,2541886.0
kor,2007,2683203.0
kor,2008,2568838.0
kor,2009,2636260.0
kor,2010,2816188.0
kor,2011,2843545.0
kor,2012,2995471.0
kor,2013,3110992.0
kwt,2002,344.0
kwt,2003,348.0
kwt,2004,363.0
kwt,2005,392.0
kwt,2006,394.0
kwt,2007,438.0
kwt,2008,485.0
kwt,2009,520.0
kwt,2010,545.0
kwt,2011,622.0
lbn,2009,690000.0
lka,1997,3122.0
lka,1998,4445.0
lka,1998,3487.0
lka,1999,4872.7
lka,1999,3672.0
lka,2000,5326.1
lka,2000,3980.0
lka,2001,4356.0
lka,2002,5056.0
lka,2003,5308.0
lka,2004,5764.0
lka,2005,9716.4
lka,2005,6156.0
lka,2006,10588.3
lka,2006,6848.0
lka,2007,7556.0
lka,2007,14124.1
lka,2008,8839.0
lka,2008,12678.6
lka,2009,13689.8
lka,2010,15163.0
lso,1997,712.5
lso,1998,722.9
lso,1999,863.5
lso,2000,905.4
lso,2001,839.2
lso,2002,889.2
lso,2003,861.7
lso,2004,951.6
lso,2005,1057.4
lso,2006,1002.6
lso,2007,874.7
lso,2008,939.5
lso,2009,960.5
lso,2010,988.0
lso,2011,1203.3
lso,2012,1466.0
lso,2013,1589.5
ltu,1995,481.0
ltu,1995,480.9
ltu,1996,618.0
ltu,1996,618.2
ltu,1997,778.0
ltu,1997,778.1
ltu,1998,929.8
ltu,1998,930.0
ltu,1999,987.0
ltu,1999,987.4
ltu,2000,970.8
ltu,2000,971.0
ltu,2001,982.0
ltu,2001,982.3
ltu,2002,1014.0
ltu,2002,1013.9
ltu,2003,1073.0
ltu,2003,1072.6
ltu,2004,1149.0
ltu,2004,1149.3
ltu,2005,1276.0
ltu,2005,1276.2
ltu,2006,1495.7
ltu,2006,1496.0
ltu,2007,1802.4
ltu,2007,1802.0
ltu,2008,2151.7
ltu,2008,2152.0
ltu,2009,2056.0
ltu,2010,1988.1
ltu,2011,2042.0
ltu,2012,2124.0
ltu,2013,2230.0
lux,1995,2678.2
lux,1996,2688.2
lux,1997,2689.9
lux,1998,2706.3
lux,1999,2844.9
lux,2000,2999.6
lux,2001,3100.0
lux,2002,3204.8
lux,2003,3242.2
lux,2004,3351.3
lux,2005,3476.8
lux,2006,3600.8
lux,2007,3744.7
lux,2008,3848.3
lux,2009,3887.0
lux,2010,4004.3
lux,2011,4090.7
lux,2012,4171.0
lux,2013,4307.9
lva,1995,127.0
lva,1996,140.0
lva,1997,171.0
lva,1998,190.0
lva,1999,201.0
lva,2000,213.0
lva,2001,226.0
lva,2002,246.0
lva,2003,274.0
lva,2004,300.0
lva,2005,350.0
lva,2006,430.0
lva,2007,566.0
lva,2008,682.0
lva,2009,655.0
lva,2010,633.0
lva,2011,660.0
lva,2012,685.0
lva,2013,716.0
mac,2000,5115.5
mac,2001,5110.0
mac,2002,5185.5
mac,2003,5134.5
mac,2004,5432.5
mac,2005,5634.5
mac,2006,6312.5
mac,2007,8097.5
mac,2008,9821.0
mac,2009,9900.0
mac,2010,10095.0
mac,2011,10725.0
mac,2012,11335.0
mac,2013,12145.0
mar,2004,100.0
mar,2005,100.8
mar,2006,103.8
mar,2007,107.1
mar,2008,112.3
mar,2009,117.6
mar,2010,120.6
mar,2011,124.9
mar,2012,128.8
mar,2013,132.1
mda,1995,143.2
mda,1996,187.1
mda,1997,219.8
mda,1998,250.4
mda,1999,304.6
mda,2000,407.9
mda,2001,543.7
mda,2002,691.5
mda,2003,890.8
mda,2004,1103.1
mda,2005,1318.7
mda,2006,1697.1
mda,2007,2065.0
mda,2008,2529.7
mda,2009,2747.6
mda,2010,2971.7
mda,2011,3042.2
mda,2012,3386.2
mdg,2001,210856.0
mdg,2004,473485.0
mdg,2005,82600.0
mdg,2010,116000.0
mdv,2007,4140.0
mex,1995,1469.5
mex,1996,1758.4
mex,1997,2086.1
mex,1998,2461.6
mex,1999,2881.8
mex,2000,3371.9
mex,2001,3801.0
mex,2002,4110.6
mex,2003,4385.5
mex,2004,4659.6
mex,2005,4938.3
mex,2005,4997.2
mex,2006,5335.2
mex,2006,5201.1
mex,2007,5487.0
mex,2007,5636.8
mex,2008,5779.4
mex,2008,5772.0
mex,2009,6022.9
mex,2009,5865.6
mex,2010,6218.3
mex,2010,5954.0
mex,2011,5980.0
mex,2011,6482.2
mex,2012,6761.5
mex,2012,6193.2
mex,2013,6390.8
mex,2013,7024.7
mkd,1999,16939.0
mkd,2000,17952.0
mkd,2001,17886.0
mkd,2002,19025.0
mkd,2003,19950.0
mkd,2003,19950.0
mkd,2004,20771.0
mkd,2004,20771.0
mkd,2005,21330.0
mkd,2005,21330.0
mkd,2006,23036.0
mkd,2006,23036.0
mkd,2007,24136.0
mkd,2007,24136.0
mkd,2008,26229.0
mkd,2009,29922.0
mkd,2010,30225.0
mkd,2011,30601.7
mkd,2012,30669.0
mkd,2013,31025.0
mlt,1996,777.0
mlt,1997,845.0
mlt,1998,895.0
mlt,1999,967.0
mlt,2000,888.1
mlt,2001,998.0
mlt,2001,920.2
mlt,2002,1008.0
mlt,2002,972.1
mlt,2003,987.5
mlt,2003,991.0
mlt,2004,982.1
mlt,2004,994.0
mlt,2005,932.0
mlt,2005,1013.5
mlt,2006,1057.0
mlt,2006,972.0
mlt,2007,1083.2
mlt,2008,1134.3
mlt,2009,1153.9
mlt,2010,1205.4
mlt,2011,1253.6
mlt,2012,1295.0
mlt,2013,1320.9
mmr,2000,3270.0
mmr,2001,3473.0
mmr,2002,3850.0
mmr,2003,4114.0
mmr,2004,5441.0
mmr,2005,5744.0
mmr,2006,17599.0
mmr,2007,23743.0
mmr,2008,32332.0
mne,2006,433.0
mne,2007,497.0
mne,2008,609.0
mne,2009,643.0
mne,2010,715.0
mne,2011,722.0
mne,2012,727.0
mne,2013,726.0
mng,2000,62300.0
mng,2001,65200.0
mng,2002,71250.0
mng,2003,81450.0
mng,2004,93025.0
mng,2005,101225.0
mng,2006,127725.0
mng,2007,172975.0
mng,2008,274150.0
mng,2009,300450.0
mng,2010,341450.0
mng,2011,424150.0
mng,2012,557550.0
moz,2004,100.0
moz,2005,115.1
moz,2006,131.1
moz,2007,150.3
moz,2008,150.5
moz,2009,171.8
moz,2010,215.4
moz,2011,242.6
moz,2012,225.3
moz,2013,245.2
mtq,1998,10773.0
mtq,1999,11001.0
mtq,2000,1725.0
mtq,2001,1797.0
mtq,2004,2185.0
mtq,2005,2235.0
mtq,2006,2263.0
mtq,2007,2333.0
mus,1995,5389.0
mus,1996,5767.0
mus,1997,6461.0
mus,1998,6883.0
mus,1999,7479.0
mus,2000,8178.0
mus,2001,8701.0
mus,2002,9159.0
mus,2003,9826.0
mus,2004,11103.0
mus,2005,12061.0
mus,2006,12632.0
mus,2007,13397.0
mus,2008,14440.0
mus,2009,16883.0
mus,2010,18268.0
mus,2011,19700.0
mus,2012,21132.0
mus,2013,23391.0
mwi,1995,786.0
mwi,1996,944.0
mwi,1997,1093.0
mwi,1998,1291.0
mwi,1999,3532.0
mwi,2000,4609.0
mwi,2001,5860.0
mwi,2003,13391.7
mwi,2004,15550.0
mwi,2005,19530.0
mwi,2006,20850.0
mwi,2007,22883.3
mwi,2008,24966.7
mwi,2009,27541.7
mys,1995,1043.1
mys,1996,1153.8
mys,1997,1254.8
mys,1998,1288.8
mys,1999,1363.5
mys,2000,1453.7
mys,2001,1500.9
mys,2002,1575.7
mys,2003,1638.4
mys,2004,1695.2
mys,2005,1858.2
mys,2006,1924.9
mys,2007,2025.8
mys,2008,2066.4
mys,2009,2079.3
mys,2010,2198.6
mys,2011,2358.4
mys,2012,2486.5
mys,2013,2674.4
nic,1995,1357.5
nic,1996,1482.3
nic,1997,1617.3
nic,1998,1964.1
nic,1999,2282.3
nic,2000,2585.0
nic,2001,2897.2
nic,2002,3134.5
nic,2003,3388.2
nic,2004,3686.3
nic,2005,4266.2
nic,2006,4823.6
nic,2007,4957.2
nic,2008,5341.9
nic,2009,6010.3
nic,2010,6319.7
nic,2011,6614.9
nic,2012,6989.1
nic,2013,7462.8
nld,1995,1591.0
nld,1996,1616.0
nld,1997,1656.0
nld,1998,1717.0
nld,1999,1769.0
nld,2000,1819.0
nld,2000,100.0
nld,2001,1934.0
nld,2001,104.3
nld,2002,1985.0
nld,2002,108.2
nld,2003,2040.0
nld,2003,111.2
nld,2004,2061.0
nld,2004,112.5
nld,2005,2091.0
nld,2005,113.4
nld,2006,2027.0
nld,2006,115.8
nld,2007,2068.0
nld,2007,118.1
nld,2008,2136.0
nld,2008,122.2
nld,2009,2229.0
nld,2009,125.5
nld,2010,2245.0
nld,2010,126.9
nld,2011,2266.0
nld,2011,128.4
nld,2012,2302.0
nld,2012,130.2
nld,2013,131.8
nor,1997,20126.0
nor,1998,21620.0
nor,1999,22515.0
nor,2000,23614.0
nor,2001,24699.0
nor,2002,26357.0
nor,2003,27261.0
nor,2004,28242.0
nor,2005,29159.0
nor,2006,30539.0
nor,2007,32263.0
nor,2008,34100.0
nor,2009,35300.0
nor,2010,36700.0
nor,2011,38100.0
nor,2012,39600.0
nor,2013,41000.0
npl,1999,2143.0
npl,2005,101.9
npl,2006,109.5
npl,2007,120.5
npl,2008,5117.0
npl,2008,134.6
npl,2009,158.3
npl,2010,181.3
npl,2011,228.7
npl,2012,268.3
npl,2013,294.1
nzl,1998,2427.0
nzl,1999,2470.0
nzl,2000,2526.0
nzl,2001,2639.0
nzl,2002,2687.0
nzl,2003,2834.0
nzl,2004,2925.0
nzl,2005,3103.0
nzl,2006,3198.0
nzl,2007,3436.0
nzl,2008,3575.0
nzl,2009,3653.0
nzl,2010,3796.0
nzl,2011,3891.0
nzl,2012,3995.0
nzl,2013,4169.0
omn,2006,177.0
omn,2007,197.0
omn,2008,217.0
omn,2009,228.0
omn,2010,228.0
omn,2011,313.0
omn,2012,350.0
pak,1995,2328.0
pak,1997,2986.0
pak,1998,3052.0
pak,2000,3157.0
pak,2002,3432.0
pak,2004,4088.0
pak,2006,4994.0
pak,2007,5768.0
pak,2008,6612.0
pak,2009,7635.0
pak,2010,8623.0
pak,2011,9715.0
pak,2013,12118.1
pan,1995,437.0
pan,1995,569.0
pan,1996,532.0
pan,1996,443.0
pan,1997,542.0
pan,1997,453.0
pan,1998,448.0
pan,1998,538.0
pan,1999,464.0
pan,1999,541.0
pan,2000,519.0
pan,2000,484.0
pan,2001,460.0
pan,2001,512.0
pan,2002,505.0
pan,2002,467.0
pan,2003,470.0
pan,2003,508.0
pan,2004,464.0
pan,2004,515.0
pan,2005,521.0
pan,2005,458.0
pan,2006,547.0
pan,2006,473.0
pan,2007,577.0
pan,2007,476.0
pan,2008,504.0
pan,2008,608.0
pan,2009,548.0
pan,2009,635.0
pan,2010,585.6
pan,2010,706.0
pan,2011,646.1
pan,2011,744.2
pan,2012,719.7
pan,2012,817.3
per,1995,644.0
per,1995,1644.0
per,1996,1837.0
per,1997,887.6
per,1997,2029.0
per,1998,1055.8
per,1998,2266.0
per,1999,2494.0
per,1999,1161.8
per,2000,1147.0
per,2000,2698.0
per,2001,1092.2
per,2001,2633.0
per,2002,1111.9
per,2002,2654.0
per,2003,2759.0
per,2003,1119.6
per,2004,805.6
per,2004,2829.0
per,2004,846.1
per,2005,2840.0
per,2005,828.8
per,2005,842.3
per,2006,2827.0
per,2006,866.5
per,2006,907.0
per,2007,937.0
per,2007,2835.0
per,2007,979.0
per,2008,995.0
per,2008,2904.0
per,2008,1080.8
per,2009,1082.3
per,2009,1177.4
per,2010,1100.0
per,2010,1170.4
per,2011,1154.0
per,2011,1258.1
per,2012,1254.3
per,2012,1369.3
per,2013,1413.4
phl,2001,5798.0
phl,2002,5905.0
phl,2003,6002.0
phl,2004,6106.0
phl,2005,6400.0
phl,2006,6831.0
phl,2007,6955.0
phl,2008,7275.0
phl,2009,7583.0
phl,2010,7995.0
phl,2011,8280.0
phl,2012,8707.0
phl,2013,9107.0
pol,1995,691.0
pol,1996,874.0
pol,1997,1066.0
pol,1998,1233.0
pol,1999,1697.0
pol,2000,1894.0
pol,2001,2045.0
pol,2002,2098.0
pol,2003,2185.0
pol,2004,2273.0
pol,2005,2361.0
pol,2006,2476.0
pol,2007,2673.0
pol,2008,2942.0
pol,2009,3102.0
pol,2010,3224.0
pol,2011,3404.0
pol,2012,3530.0
pri,2001,1642.3
pri,2002,1720.3
pri,2003,1794.0
pri,2004,1854.7
pri,2005,1906.7
pri,2006,1976.0
pri,2007,2062.7
pri,2008,2127.7
pri,2009,2197.0
pri,2010,2218.7
pri,2011,2223.0
pri,2012,2244.7
pri,2013,2240.3
prt,1995,584.0
prt,1996,619.7
prt,1997,638.6
prt,1998,677.8
prt,1999,700.2
prt,2000,729.4
prt,2002,817.4
prt,2003,849.6
prt,2004,877.5
prt,2005,907.2
prt,2006,934.0
prt,2007,963.3
prt,2008,1008.0
prt,2009,1034.2
prt,2010,1075.3
prt,2011,1083.8
prt,2012,1094.7
pry,1995,600942.0
pry,1996,630277.0
pry,1997,766402.0
pry,1999,854868.0
pry,2000,888044.0
pry,2001,100.0
pry,2002,878791.0
pry,2002,107.6
pry,2003,1023037.0
pry,2003,119.9
pry,2004,977944.0
pry,2004,127.1
pry,2005,1116836.0
pry,2005,138.7
pry,2006,1197727.0
pry,2006,154.0
pry,2007,1245448.0
pry,2007,167.8
pry,2008,1402030.0
pry,2008,183.7
pry,2009,195.8
pry,2010,208.4
pry,2011,228.9
pry,2012,239.5
pry,2013,251.5
pse,1999,1313.0
pse,2000,1378.0
pse,2001,1387.0
pse,2002,1406.0
pse,2003,1398.0
pse,2004,1447.0
pse,2005,1491.0
pse,2006,1597.0
pse,2007,1586.0
pse,2008,1655.0
pse,2009,1727.0
pse,2010,1688.0
pse,2011,1685.7
pse,2012,1729.0
pse,2013,1744.2
qat,2006,5206.0
qat,2007,6318.0
qat,2008,7400.0
qat,2009,7792.0
qat,2011,7401.0
qat,2012,8654.0
qat,2013,9435.0
reu,2004,2145.0
reu,2005,2177.0
reu,2006,2234.0
reu,2007,2295.0
rou,1995,27.6
rou,1996,42.6
rou,1997,84.3
rou,1998,131.9
rou,1999,192.2
rou,2000,284.0
rou,2001,422.0
rou,2002,532.1
rou,2003,663.8
rou,2004,818.3
rou,2005,968.0
rou,2006,1146.0
rou,2007,1396.0
rou,2008,1761.0
rou,2009,1845.0
rou,2010,1902.0
rou,2011,1980.0
rou,2012,2063.0
rus,1995,472.0
rus,1995,472.0
rus,1996,790.0
rus,1996,790.0
rus,1997,950.0
rus,1997,950.0
rus,1998,1052.0
rus,1998,1052.0
rus,1999,1523.0
rus,1999,1523.0
rus,2000,2223.0
rus,2000,2223.0
rus,2001,3240.0
rus,2001,3240.0
rus,2002,4360.0
rus,2002,4360.0
rus,2003,5499.0
rus,2003,5499.0
rus,2004,6740.0
rus,2004,6740.0
rus,2005,8555.0
rus,2005,8555.0
rus,2006,10634.0
rus,2006,10634.0
rus,2007,13593.0
rus,2007,13593.0
rus,2008,17290.0
rus,2008,17290.0
rus,2009,18638.0
rus,2010,20952.0
rus,2011,23369.0
rus,2012,26629.0
rus,2013,29960.0
rwa,2001,275080.0
rwa,2005,177987.0
sau,1995,1865.0
sau,1996,2008.0
sau,1997,2073.0
sau,1998,2157.0
sau,1999,2166.0
sau,2000,2172.0
sau,2001,2162.0
sau,2006,2179.0
sau,2007,2212.0
sau,2008,2263.0
sau,2009,2313.0
sen,1995,143496.0
sen,1996,137288.0
sen,1997,154230.0
sen,1998,167023.0
sen,1999,168577.0
sen,2000,165498.0
sen,2001,177667.0
sen,2002,188771.0
sen,2003,201356.0
sen,2004,203618.0
sen,2005,211953.0
sen,2006,221180.0
sgp,1995,2219.0
sgp,1996,2347.0
sgp,1997,2480.0
sgp,1998,2740.0
sgp,1999,2813.0
sgp,2000,3063.0
sgp,2001,3134.0
sgp,2002,3158.0
sgp,2003,3213.0
sgp,2004,3329.0
sgp,2005,3444.0
sgp,2006,3554.0
sgp,2007,3773.0
sgp,2008,3977.0
sgp,2009,3872.0
sgp,2010,4089.0
sgp,2011,4334.0
sgp,2012,4433.0
sgp,2013,4622.0
slb,1995,744.0
slb,1996,1067.0
slv,1999,225.0
slv,2000,237.0
slv,2001,241.0
slv,2002,244.0
slv,2004,234.0
slv,2005,247.0
slv,2006,247.0
slv,2007,261.0
slv,2008,266.0
slv,2009,277.6
slv,2010,271.7
slv,2011,270.7
slv,2012,278.7
srb,1997,1324.9
srb,1998,1703.4
srb,1999,1991.7
srb,2000,3799.0
srb,2001,8739.0
srb,2002,13260.0
srb,2003,16612.0
srb,2004,20555.0
srb,2005,25514.0
srb,2006,31745.0
srb,2007,38744.0
srb,2008,45674.0
srb,2009,44147.0
srb,2010,47450.0
srb,2011,52733.0
srb,2012,57430.0
srb,2013,60708.0
svk,2000,379.4
svk,2001,410.4
svk,2002,14597.0
svk,2002,448.5
svk,2003,15359.0
svk,2003,476.8
svk,2004,525.3
svk,2004,17042.0
svk,2005,573.4
svk,2005,18504.0
svk,2006,19774.0
svk,2006,622.8
svk,2007,668.7
svk,2007,21658.0
svk,2008,723.0
svk,2008,23288.0
svk,2009,803.0
svk,2009,744.5
svk,2010,769.0
svk,2010,831.0
svk,2011,855.0
svk,2011,786.0
svk,2012,805.0
svk,2012,888.0
svk,2013,824.0
svn,2000,799.8
svn,2001,895.4
svn,2002,982.5
svn,2003,1056.6
svn,2004,1116.6
svn,2004,266522.0
svn,2005,1157.1
svn,2005,1178.0
svn,2006,1212.8
svn,2006,1244.2
svn,2007,1284.8
svn,2007,1322.0
svn,2008,1427.0
svn,2008,1391.4
svn,2009,1439.0
svn,2009,1477.0
svn,2010,1538.0
svn,2010,1494.9
svn,2011,1524.7
svn,2011,1582.0
svn,2012,1600.0
svn,2012,1525.5
svn,2013,1523.2
swe,1995,16000.0
swe,1996,19900.0
swe,1996,17000.0
swe,1997,17900.0
swe,1997,20700.0
swe,1998,18600.0
swe,1998,21740.0
swe,1999,22470.0
swe,1999,19400.0
swe,2000,23450.0
swe,2000,20500.0
swe,2001,21300.0
swe,2001,24530.0
swe,2002,22100.0
swe,2002,25550.0
swe,2003,26240.0
swe,2003,22800.0
swe,2004,27130.0
swe,2004,23600.0
swe,2005,24300.0
swe,2005,28080.0
swe,2006,28890.0
swe,2006,25000.0
swe,2007,29940.0
swe,2007,25800.0
swe,2008,31240.0
swe,2008,27100.0
swe,2009,32170.0
swe,2009,27900.0
swe,2010,28400.0
swe,2010,32660.0
swe,2011,29000.0
swe,2011,33570.0
swe,2012,29800.0
swe,2013,30600.0
swz,1995,1091.0
swz,1996,1185.0
swz,1997,1394.0
swz,1998,1585.0
swz,1999,1706.0
swz,2000,1755.0
syr,2006,8696.0
syr,2007,9017.0
syr,2008,10622.0
syr,2009,11096.0
syr,2010,11344.0
syr,2011,13844.0
tcd,2011,96197.0
tha,2001,6663.3
tha,2002,6611.0
tha,2003,6758.5
tha,2004,6915.2
tha,2005,7389.4
tha,2006,7850.6
tha,2007,8085.1
tha,2008,8912.7
tha,2009,8694.2
tha,2010,9262.2
tha,2011,9935.0
tha,2012,11100.8
tha,2013,12002.9
tjk,1995,0.9
tjk,1996,2.8
tjk,1996,3.0
tjk,1997,5.0
tjk,1997,4.9
tjk,1998,8.8
tjk,1998,9.2
tjk,1999,11.6
tjk,1999,12.4
tjk,2000,15.6
tjk,2000,16.2
tjk,2001,24.4
tjk,2001,23.5
tjk,2002,33.7
tjk,2002,32.6
tjk,2003,46.3
tjk,2003,44.6
tjk,2004,61.8
tjk,2004,63.1
tjk,2005,89.2
tjk,2005,83.6
tjk,2006,121.8
tjk,2006,116.3
tjk,2007,163.3
tjk,2007,169.8
tjk,2008,231.5
tjk,2008,243.0
tjk,2009,284.4
tjk,2009,306.1
tjk,2010,354.4
tjk,2010,361.0
tjk,2011,442.1
tjk,2011,463.9
tjk,2012,555.3
tjk,2012,572.7
tjk,2013,724.6
tkm,1995,2.0
tkm,1996,14.0
tkm,1997,37.0
tkm,1998,54.0
tkm,1999,66.0
tkm,2000,119.0
tkm,2001,176.0
tkm,2002,190.0
tkm,2003,350.0
tkm,2005,504.0
tkm,2007,507.1
tkm,2008,604.4
tkm,2009,677.6
tkm,2010,742.8
tkm,2011,848.4
tkm,2012,943.4
tkm,2013,1047.2
tls,2010,174.0
tur,2003,1053.0
tur,2004,1163.0
tur,2005,1311.0
tur,2005,61.3
tur,2006,1103.0
tur,2006,1474.0
tur,2006,69.4
tur,2007,1620.0
tur,2007,79.6
tur,2008,1793.0
tur,2008,88.0
tur,2009,1938.0
tur,2009,86.3
tur,2010,1902.0
tur,2010,1512.0
tur,2010,100.0
tur,2011,115.7
tur,2012,133.8
tur,2013,153.1
twn,1995,35389.0
twn,1996,36699.0
twn,1997,38489.0
twn,1998,39673.0
twn,1999,40842.0
twn,2000,41861.0
twn,2001,41960.0
twn,2002,41530.0
twn,2003,42065.0
twn,2004,42680.0
twn,2005,43159.0
twn,2006,43488.0
twn,2007,44392.0
twn,2008,44367.0
twn,2009,42182.0
twn,2010,44359.0
twn,2011,45508.0
twn,2012,45589.0
twn,2013,45664.0
tza,1995,75361.0
tza,2000,49954.0
tza,2001,144846.3
tza,2002,178147.0
tza,2005,294907.0
tza,2006,458692.0
tza,2006,98454.0
tza,2007,437378.0
tza,2010,355208.0
tza,2011,368589.0
tza,2012,356666.0
uga,2004,237542.0
uga,2005,245679.0
uga,2006,274291.0
uga,2007,316029.0
uga,2008,283052.0
uga,2009,312372.0
uga,2010,340698.0
uga,2011,384465.0
uga,2012,459639.0
ukr,1995,73.0
ukr,1996,126.0
ukr,1997,143.0
ukr,1998,153.0
ukr,1999,178.0
ukr,2000,230.0
ukr,2001,311.0
ukr,2002,376.0
ukr,2003,462.0
ukr,2004,590.0
ukr,2005,806.0
ukr,2006,1041.0
ukr,2007,1351.0
ukr,2008,1806.0
ukr,2009,1906.0
ukr,2010,2239.0
ukr,2011,2633.0
ukr,2012,3026.0
ukr,2013,3265.0
ury,1996,36.2
ury,1997,43.5
ury,1998,49.1
ury,1999,52.7
ury,2000,6615.0
ury,2000,54.5
ury,2001,6601.0
ury,2001,56.7
ury,2002,6688.0
ury,2002,57.3
ury,2003,6861.0
ury,2003,60.3
ury,2004,7445.0
ury,2004,65.8
ury,2005,7880.0
ury,2005,72.0
ury,2006,9211.0
ury,2006,80.0
ury,2007,10622.0
ury,2007,90.6
ury,2008,11667.0
ury,2008,101.1
ury,2009,13662.0
ury,2009,116.2
ury,2010,14528.0
ury,2010,128.0
ury,2011,16610.0
ury,2011,144.0
ury,2012,18192.1
ury,2012,162.2
ury,2013,181.4
usa,1995,1734.3
usa,1996,1791.7
usa,1997,1872.2
usa,1998,1944.6
usa,1999,2007.9
usa,2000,2085.9
usa,2001,2140.9
usa,2002,2197.1
usa,2003,2246.4
usa,2004,2293.3
usa,2005,2359.2
usa,2006,2460.9
usa,2007,2557.7
usa,2007,3142.8
usa,2008,2635.1
usa,2008,3228.3
usa,2009,2675.8
usa,2009,3265.3
usa,2010,3340.2
usa,2010,2761.1
usa,2011,2837.2
usa,2011,3435.1
usa,2012,2890.3
usa,2012,3518.6
usa,2013,3580.5
usa,2013,2942.4
uzb,1995,1066.0
uzb,1996,2155.0
uzb,1997,3215.0
uzb,1998,4482.0
uzb,1999,7134.0
uzb,2001,16642.0
uzb,2002,30206.0
uzb,2003,40084.0
uzb,2004,53201.0
uzb,2011,921300.0
uzb,2012,1056800.0
ven,1995,41.4
ven,1996,69.8
ven,1997,122.5
ven,1998,159.6
ven,1999,183.3
ven,2000,197.3
ven,2001,240.7
ven,2002,268.0
ven,2003,300.5
ven,2004,400.9
ven,2005,526.7
ven,2006,690.2
ven,2007,895.0
ven,2007,638.3
ven,2008,1196.3
ven,2008,797.7
ven,2009,1478.5
ven,2009,966.7
ven,2010,1881.5
ven,2010,1180.9
ven,2011,1551.9
ven,2011,2345.9
ven,2012,1986.8
ven,2012,3049.8
ven,2013,2632.9
vnm,1998,578402.8
vnm,2002,642084.2
vnm,2004,787187.6
vnm,2006,1023434.0
vnm,2007,1399000.0
vnm,2008,1427180.0
vnm,2009,2395000.0
vnm,2010,2519000.0
vnm,2011,3110500.0
vnm,2011,3105000.0
vnm,2012,3762200.0
vnm,2012,3757000.0
vnm,2013,4126000.0
zaf,2006,7654.7
zaf,2007,8281.0
zaf,2008,9234.8
zaf,2009,10237.3
zaf,2010,11714.8
zaf,2011,12630.5
zaf,2012,13748.0
zaf,2013,14530.0
zmb,2005,293621.0
zmb,2008,824415.0
zwe,1995,1635.0
zwe,1996,2170.0
zwe,1997,3064.0
zwe,1998,3860.0
zwe,1999,5873.0
zwe,2000,11063.0
zwe,2001,15200.0
zwe,2002,27938.0
zwe,2010,388.5
zwe,2011,485.8
zwe,2012,589.1
